target,MAE,RMSE,R2
fill_level_next,2.6089749336242676,3.820289658554224,0.7048031091690063
time_to_90_hours,1.148221492767334,1.457997101669675,0.8531184792518616
time_to_90_minutes,68.89328956604004,87.4798261001805,0.8531184792518616
