{
    "trained_at": "2026-05-20T14:35:28.491705",
    "model_type": "Strict LSTM",
    "seq_len": 24,
    "threshold": 90.0,
    "time_max": 36.0,
    "train_samples": 9044,
    "val_samples": 1597,
    "test_samples": 2661,
    "metrics": {
        "fill_level_next": {
            "MAE": 2.6089749336242676,
            "RMSE": 3.820289658554224,
            "R2": 0.7048031091690063
        },
        "time_to_90_hours": {
            "MAE": 1.148221492767334,
            "RMSE": 1.457997101669675,
            "R2": 0.8531184792518616,
            "pct_error_le_30min": 28.74859075535513,
            "pct_error_le_60min": 53.58887636226982,
            "pct_error_le_90min": 69.37241638481774,
            "pct_error_le_120min": 82.33746711762495
        }
    }
}